<?xml version="1.0" encoding="UTF-8"?>
<!DOCTYPE mapper PUBLIC "-//mybatis.org//DTD Mapper 3.0//EN" "http://mybatis.org/dtd/mybatis-3-mapper.dtd">

<mapper namespace="com.study.domain.auction.AuctionMapper">

    <!-- 테이블 전체 컬럼 -->
    <sql id="auctionColumns">
       auction_price_id
     , user_id
     , auction_id
     , bidding_price
     , status
     , bidding_date
    </sql>




    <!--     저장 -->
    <insert id="save" parameterType="AuctionRequest" useGeneratedKeys="true" keyProperty="auctionPriceId">
        INSERT INTO auction_price (
            <include refid="auctionColumns" />
        ) VALUES (
              #{auctionPriceId}
            , #{userId}
            , #{auctionId}
            , #{biddingPrice}
            , 1
            , now()
        )
    </insert>


<!--    &lt;!&ndash; 게시글 상세정보 조회 &ndash;&gt;-->
    <select id="findById" parameterType="Long" resultType="AuctionResponse">
        SELECT
            <include refid="auctionColumns" />
        FROM
            auction_price
        WHERE
            auction_price_id= #{auctionPriceId}
            AND user_id = #{userId}
    </select>


<!--     수정-->
    <update id="update" parameterType="AuctionRequest">
        UPDATE auction_price
        SET
              bidding_date = NOW()
            , bidding_price = #{biddingPrice}
            , status = #{status}
        WHERE
            auction_price_id= #{auctionPriceId}
            AND user_id = #{userId}
    </update>


<!--    &lt;!&ndash; 게시글 삭제 &ndash;&gt;-->
<!--    <delete id="deleteById" parameterType="long">-->
<!--        UPDATE tb_post-->
<!--        SET-->
<!--            delete_yn = 1-->
<!--        WHERE-->
<!--            id = #{id}-->
<!--    </delete>-->


<!--    &lt;!&ndash; 게시글 리스트 조회 &ndash;&gt;-->
    <select id="findAll" resultType="com.study.domain.auction.AuctionResponse">
        SELECT
            <include refid="auctionColumns" />
        FROM
            auction_price
        WHERE
            status = 1
    </select>

</mapper>
