<?xml version="1.0" encoding="UTF-8" ?>
<!DOCTYPE configuration
        PUBLIC "-//mybatis.org/DTD Config 3.0//EN"
        "http://mybatis.org/dtd/mybatis-3-config.dtd">
<configuration>
    <settings>
        <setting name="mapUnderscoreToCamelCase" value="true"/>
    </settings>

    <typeAliases>
        <typeAlias type="com.study.domain.post.PostRequest" alias="PostRequest"></typeAlias>
        <typeAlias type="com.study.domain.post.PostResponse" alias="PostResponse"></typeAlias>
        <typeAlias type="com.study.domain.auction.AuctionRequest" alias="AuctionRequest"></typeAlias>
        <typeAlias type="com.study.domain.auction.AuctionResponse" alias="AuctionResponse"></typeAlias>
    </typeAliases>
</configuration>
